Unnamed: 0,acid,gufi,isArrival,isDeparture,aircraft_address,aircraft_engine_class,aircraft_registration,aircraft_type,altitude_assigned,arrival_aerodrome_icao_name,arrival_fix_source_data,arrival_fix_actual_time,arrival_runway_actual_time,arrival_runway_assigned,arrival_spot_decision_tree,arrival_spot_position_derived,arrival_stand_actual_time,arrival_stand_airline,arrival_stand_scheduled_time,beacon_code,cancelled,cancelled_time,carrier,departure_aerodrome_icao_name,departure_fix_actual,departure_fix_actual_time,departure_fix_source_data,departure_movement_area_actual_time,departure_pushback_clearance_issued_time,departure_runway_actual,departure_runway_actual_time,departure_runway_position_derived,departure_stand_actual_time,departure_stand_airline,departure_stand_initial_time,eobt_final,eobt_num_updates,time_at_initial_eobt,time_at_final_eobt,ltime_final,ltime_num_updates,time_at_initial_ltime,time_at_final_ltime,edct_final,edct_num_updates,time_at_initial_edct,time_at_final_edct,apreq_final,apreq_num_updates,apreq_final_source,surface_flight_state_at_initial_apreq,surface_flight_state_at_final_apreq,time_at_initial_apreq,time_at_final_apreq,tmat,tobt,gate_conflict_values_present,ground_stop_restriction_ids_present,last_update_source,long_on_board_duration_value,fix_closure_ids_present,mit_restriction_ids_present,position_altitude,position_heading,position_latitude,position_longitude,position_source,position_speed,position_timestamp,priority_status,record_timestamp,route_text,runway_operational_necessity,surface_flight_state,last_timestamp,last_controller_clearance,first_position_update,first_position_update_source,surface_state_at_first_position,state_scheduled,state_pushback,state_ramp_taxi_out,state_taxi_out,state_in_queue,state_off,state_terminal_airspace,state_enroute,state_on_final,state_taxi_in,state_ramp_taxi_in,state_in_gate,state_unknown,state_suspended,state_cancelled,state_return_to_gate,pushback_clearance_undone,clear_cleared_to_gate,clear_gate_pushback_approved,pushback_approved_to_first_surveillance,clear_hold,clear_gate_pushback_hold,hold_time_minus_pushback_approved,clear_not_set,clear_proceed_to_spot,clear_return_to_gate,first_fix_closure_receipt_time,first_fix_closure_reference_time,count_distinct_fix_closure_ids,first_mit_restriction_receipt_time,first_mit_restriction_reference_time,count_distinct_mit_restriction_ids,eobt_minus_hold_time,sobt_minus_hold_time,iobt_minus_aobt,eobt_at_pushback_clearance,ltime_at_pushback_clearance,eobt_acc_at_5,eobt_acc_at_10,eobt_acc_at_20,eobt_acc_at_30,ltime_acc_at_5,ltime_acc_at_10,ltime_acc_at_20,ltime_acc_at_30,eobt_acc_at_5_abs,eobt_acc_at_10_abs,eobt_acc_at_20_abs,eobt_acc_at_30_abs,ltime_acc_at_5_abs,ltime_acc_at_10_abs,ltime_acc_at_20_abs,ltime_acc_at_30_abs,Tactical_Aircraft_Type,Tactical_Weight_Class,Tactical_Controlled_Flight,Tactical_Exempt_Flight,Held_While_Metering_On_Scheduled_Runway,Held_With_Non_Zero_Advisory,Held_With_Non_Zero_(TOBT-UOBT),Return_To_Gate_After_Hold,Total_Realized_Hold,Realized_Hold_BEFORE_UOBT,Realized_Hold_AFTER_UOBT,Tactical_Schedule_Priroity_String,MSS_Transition_String,Number_Times_In_PUSHBACK_UNCERTAIN,Timestamp_When_Enter_PUSHBACK_UNCERTAIN,TTOT_When_Enter_PUSHBACK_UNCERTAIN,UTOT_When_Enter_PUSHBACK_UNCERTAIN,TTOT_When_Enter_PUSHBACK_UNCERTAIN_Versus_Actual_OFF,Runway_Assigned_When_Enter_PUSHBACK_UNCERTAIN,Runway(s)_Being_Metered_When_Enter_PUSHBACK_UNCERTAIN,Metering_Mode_When_Enter_PUSHBACK_UNCERTAIN,Timestamp_When_Exit_PUSHBACK_UNCERTAIN,TTOT_When_Exit_PUSHBACK_UNCERTAIN,UTOT_When_Exit_PUSHBACK_UNCERTAIN,TTOT_When_Exit_PUSHBACK_UNCERTAIN_Versus_Actual_OFF,Runway_Assigned_When_Exit_PUSHBACK_UNCERTAIN,Runway(s)_Being_Metered_When_Exit_PUSHBACK_UNCERTAIN,Metering_Mode_When_Exit_PUSHBACK_UNCERTAIN,Number_Times_In_PUSHBACK_PLANNED,Timestamp_When_Enter_PUSHBACK_PLANNED,TTOT_When_Enter_PUSHBACK_PLANNED,UTOT_When_Enter_PUSHBACK_PLANNED,Total_Gate_Hold_When_Enter_PUSHBACK_PLANNED,Passback_Hold_When_Enter_PUSHBACK_PLANNED,TTOT_When_Enter_PUSHBACK_PLANNED_Versus_Actual_OFF,Runway_Assigned_When_Enter_PUSHBACK_PLANNED,Runway(s)_Being_Metered_When_Enter_PUSHBACK_PLANNED,Metering_Mode_When_Enter_PUSHBACK_PLANNED,Timestamp_When_Exit_PUSHBACK_PLANNED,TTOT_When_Exit_PUSHBACK_PLANNED,UTOT_When_Exit_PUSHBACK_PLANNED,Total_Gate_Hold_When_Exit_PUSHBACK_PLANNED,Passback_Hold_When_Exit_PUSHBACK_PLANNED,TTOT_When_Exit_PUSHBACK_PLANNED_Versus_Actual_OFF,Runway_Assigned_When_Exit_PUSHBACK_PLANNED,Runway(s)_Being_Metered_When_Exit_PUSHBACK_PLANNED,Metering_Mode_When_Exit_PUSHBACK_PLANNED,Timestamp_At_Ready,TTOT_At_Ready,UTOT_At_Ready,Total_Gate_Hold_At_Ready,Passback_Gate_Hold_At_Ready,TTOT_At_Ready_Versus_Actual_Off,Runway_Assigned_At_Ready,Runway(s)_Being_Metered_At_Ready,Metering_Mode_At_Ready,Number_Times_Held,Timestamp_When_Put_On_Hold,TTOT_When_Put_On_Hold,UTOT_When_Put_On_Hold,Total_Gate_Hold_When_Put_On_Hold,Passback_Hold_When_Put_On_Hold,TTOT_When_Put_On_Hold_Versus_Actual_OFF,Runway_Assigned_When_Put_On_Hold,Runway(s)_Being_Metered_When_Put_On_Hold,Metering_Mode_When_Put_On_Hold,Fuel_Flow_Reduced_in_KG,CO_Emissions_Reduced_in_grams,CO2_Emissions_Reduced_in_KG,HC_Emissions_Reduced_in_grams,Nox_Emissions_Reduced_in_grams,Track_Hit_Out_Time,Unimpeded_Taxi_Time,Total_Taxi_Time,Excess_Taxi_Time
8.0,AAL1184,AAL1184.CLT.FLL.171207.0915.0195.AIRLINE,False,True,11349968.0,JET,N949NN,B738,8000.0,KFLL,FISEL,,,,,,2017-12-12 17:20:00,E3,2017-12-12 17:07:00,1736.0,,,AAL,KCLT,,2017-12-12 15:54:57,ICONS,2017-12-12 15:12:26,,,2017-12-12 15:40:14,36R,2017-12-12 15:05:26,B10,2017-12-12 15:00:00,2017-12-12 15:03:59,8.0,2017-12-12 13:47:55,2017-12-12 14:51:53,2017-12-12 14:54:00,1.0,2017-12-12 13:45:52,2017-12-12 14:54:31,,,,,,,,,,,,2017-12-12 15:13:08,2017-12-12 15:05:30,False,False,AIRLINE,2072627.0,False,False,8000.0,272.883392915,26.0769444444,-80.1472222222,TFM,139.0,2017-12-12 17:17:15,UNSET,2017-12-12 18:55:19,KCLT./.TRV111036..JALOP.FISEL7.KFLL,,OFF,2017-12-12 18:55:01,PROCEED_TO_SPOT,2017-12-12 15:10:12,ASDEX,RAMP_TAXI_OUT,2017-12-12 13:00:07,2017-12-12 15:05:27,2017-12-12 15:05:29,2017-12-12 15:12:26,2017-12-12 15:17:12,2017-12-12 15:40:14,,,,,,,,,,,False,,2017-12-12 15:05:25,-287.0,,2017-12-12 14:54:31,-654.0,,2017-12-12 15:05:29,,,,,,,,568.0,329.0,-326.0,2017-12-12 15:03:59,2017-12-12 14:54:00,-87.0,-87.0,-633.0,-752.0,-686.0,-686.0,-326.0,-326.0,87.0,87.0,633.0,752.0,686.0,686.0,326.0,326.0,B738,D,,,True,True,True,False,,,,GATE_DEPARTURE_UNCERTAIN--GATE_DEPARTURE_PLANNED--GATE_DEPARTURE_UNCERTAIN--GATE_DEPARTURE_PLANNED--GATE_DEPARTURE_UNCERTAIN--GATE_DEPARTURE_PLANNED--GATE_DEPARTURE_UNCERTAIN--GATE_DEPARTURE_PLANNED--GATE_DEPARTURE_READY--NO_PRIORITY_DEPARTURE_TAXI--NOT_SCHEDULED,PUSHBACK_UNCERTAIN--PUSHBACK_PLANNED--PUSHBACK_UNCERTAIN--PUSHBACK_PLANNED--PUSHBACK_UNCERTAIN--PUSHBACK_PLANNED--PUSHBACK_UNCERTAIN--PUSHBACK_PLANNED--PUSHBACK_READY--TAXI--QUEUE--OFF,4.0,2017-12-12 14:50:25.117000+00:00,2017-12-12 15:35:35+00:00,2017-12-12 15:14:40.810000+00:00,-279.0,36R,"36C,36R",TIME_BASED_METERING,2017-12-12 14:53:55.086000+00:00,2017-12-12 15:37:43+00:00,2017-12-12 15:16:33.810000+00:00,-151.0,36R,36R,TIME_BASED_METERING,4.0,2017-12-12 14:54:05.249000+00:00,2017-12-12 15:33:33+00:00,2017-12-12 15:16:33.810000+00:00,772.940999985,179.190000057,-401.0,36R,36R,TIME_BASED_METERING,2017-12-12 14:54:25.124000+00:00,2017-12-12 15:32:05+00:00,2017-12-12 15:16:33.810000+00:00,665.065999985,91.1900000572,-489.0,36R,36R,TIME_BASED_METERING,2017-12-12 14:54:25.124000+00:00,2017-12-12 15:32:05+00:00,2017-12-12 15:16:33.810000+00:00,665.065999985,91.1900000572,-489.0,36R,36R,TIME_BASED_METERING,1.0,2017-12-12 14:54:35.077000+00:00,2017-12-12 15:32:05+00:00,2017-12-12 15:16:33.810000+00:00,665.065999985,91.1900000572,-489.0,36R,36R,TIME_BASED_METERING,,,,,,False,12.5801666657,34.8,22.2198333343
26.0,AAL1519,AAL1519.CLT.BWI.171207.0915.0281.AIRLINE,False,True,11311076.0,JET,N910NN,B738,18000.0,KBWI,DFORT,,,10,,,2017-12-12 16:31:00,C5,2017-12-12 16:27:00,7254.0,,,AAL,KCLT,,2017-12-12 15:40:21,KILNS,2017-12-12 15:03:21,,,2017-12-12 15:31:47,36R,2017-12-12 14:52:00,B6,2017-12-12 14:50:00,2017-12-12 14:53:00,7.0,2017-12-12 09:38:17,2017-12-12 14:43:43,2017-12-12 14:52:00,1.0,2017-12-12 09:38:07,2017-12-12 14:52:10,,,,,,,IDAC,,,,,2017-12-12 15:07:40,2017-12-12 14:59:44,False,False,AIRLINE,2339614.0,False,False,400.0,322.7393797,39.1805555556,-76.6794444444,TFM,142.0,2017-12-12 16:25:30,UNSET,2017-12-12 17:55:19,KCLT./.RDU252047..THHMP.RAVNN6.KBWI/1627,,OFF,2017-12-12 17:55:01,PROCEED_TO_SPOT,2017-12-12 15:01:36,ASDEX,RAMP_TAXI_OUT,2017-12-12 12:50:06,2017-12-12 14:52:01,2017-12-12 14:56:37,2017-12-12 15:03:21,2017-12-12 15:07:21,2017-12-12 15:31:47,,,,,,,,,,,False,,2017-12-12 14:52:00,-576.0,,2017-12-12 14:49:43,-137.0,,2017-12-12 14:56:37,,,,,,,,197.0,17.0,-120.0,2017-12-12 14:53:00,2017-12-12 14:52:00,60.0,-330.0,-324.0,-358.0,-120.0,-120.0,-120.0,-120.0,60.0,330.0,324.0,358.0,120.0,120.0,120.0,120.0,B738,D,,,True,True,True,False,150.100000143,150.100000143,0.0,GATE_DEPARTURE_UNCERTAIN--GATE_DEPARTURE_PLANNED--GATE_DEPARTURE_READY--NO_PRIORITY_DEPARTURE_TAXI--NOT_SCHEDULED,PUSHBACK_UNCERTAIN--PUSHBACK_PLANNED--PUSHBACK_READY--OUT--TAXI--QUEUE--TAXI--QUEUE--OFF,1.0,,,,,,,,2017-12-12 14:37:34.909000+00:00,2017-12-12 15:25:25+00:00,2017-12-12 15:00:33.585000+00:00,-382.0,36R,"36C,36R",TIME_BASED_METERING,1.0,2017-12-12 14:37:45.058000+00:00,2017-12-12 15:13:49+00:00,2017-12-12 15:00:33.585000+00:00,595.941999912,0.0,-1078.0,36R,"36C,36R",TIME_BASED_METERING,2017-12-12 14:49:34.948000+00:00,2017-12-12 15:26:37+00:00,2017-12-12 15:05:52.585000+00:00,609.467000008,404.414999962,-310.0,36R,"36C,36R",TIME_BASED_METERING,2017-12-12 14:49:34.948000+00:00,2017-12-12 15:26:37+00:00,2017-12-12 15:05:52.585000+00:00,609.467000008,404.414999962,-310.0,36R,"36C,36R",TIME_BASED_METERING,1.0,2017-12-12 14:49:45.094000+00:00,2017-12-12 15:26:37+00:00,2017-12-12 15:05:52.585000+00:00,609.467000008,404.414999962,-443.0,36R,"36C,36R",TIME_BASED_METERING,17.4116000166,311.667640297,53.6277280511,29.5997200282,83.5756800797,False,12.8764166673,39.7833333333,26.906916666
162.0,AAL1852,AAL1852.CLT.SJU.171207.0915.0061.AIRLINE,False,True,10961602.0,JET,N567UW,A321,33000.0,TJSJ,BEANO,,,,,,2017-12-12 18:38:00,C6,2017-12-12 18:41:00,2027.0,,,AAL,KCLT,,2017-12-12 15:34:48,KWEEN,2017-12-12 15:04:31,,,2017-12-12 15:22:32,,2017-12-12 14:54:36,D3,2017-12-12 14:55:00,2017-12-12 14:56:57,6.0,2017-12-12 12:49:01,2017-12-12 14:54:38,2017-12-12 14:53:00,1.0,2017-12-12 12:49:04,2017-12-12 14:53:05,,,,,,,,,,,,,,False,False,TFM,1674806.0,False,False,800.0,89.9920949741,18.4333333333,-66.05,TFM,150.0,2017-12-12 18:31:24,UNSET,2017-12-12 18:40:59,KCLT./.ANGLL133032..OREDE.BR1L.GTK..HARDE.A555.IDAHO.RTE6.SJU..TJSJ/1834,1.0,OFF,2017-12-12 18:40:51,PROCEED_TO_SPOT,2017-12-12 15:04:11,ASDEX,RAMP_TAXI_OUT,2017-12-12 12:47:27,2017-12-12 14:54:36,2017-12-12 15:02:19,2017-12-12 15:04:31,,2017-12-12 15:22:32,,,,,,,,,,,False,,2017-12-12 14:54:35,-576.0,,2017-12-12 14:53:21,-74.0,,2017-12-12 15:02:19,,,,,,,,216.0,99.0,24.0,2017-12-12 14:56:57,2017-12-12 14:53:00,281.0,391.0,553.0,24.0,24.0,24.0,24.0,24.0,281.0,391.0,553.0,24.0,24.0,24.0,24.0,24.0,A321,D,,EXEMPT_DEPARTURE,True,True,False,False,89.9370000362,89.9370000362,0.0,GATE_DEPARTURE_UNCERTAIN--EXEMPT_DEPARTURE--NO_PRIORITY_DEPARTURE_TAXI--NOT_SCHEDULED,PUSHBACK_UNCERTAIN--PUSHBACK_PLANNED--PUSHBACK_READY--OUT--TAXI--OFF,1.0,,,,,,,,2017-12-12 14:49:14.980000+00:00,2017-12-12 15:31:19+00:00,2017-12-12 15:09:48.637000+00:00,527.0,36R,"36C,36R",TIME_BASED_METERING,1.0,2017-12-12 14:49:25.046000+00:00,2017-12-12 15:31:19+00:00,2017-12-12 15:09:48.637000+00:00,591.953999996,0.0,527.0,36R,"36C,36R",TIME_BASED_METERING,2017-12-12 14:53:15.019000+00:00,2017-12-12 15:33:17+00:00,2017-12-12 15:09:48.637000+00:00,361.980999947,0.0,645.0,36R,36R,TIME_BASED_METERING,2017-12-12 14:53:15.019000+00:00,2017-12-12 15:33:17+00:00,2017-12-12 15:09:48.637000+00:00,361.980999947,0.0,645.0,36R,36R,TIME_BASED_METERING,1.0,2017-12-12 14:53:25.072000+00:00,2017-12-12 15:33:17+00:00,2017-12-12 15:09:48.637000+00:00,361.980999947,0.0,512.0,36R,36R,TIME_BASED_METERING,10.3427550042,198.58089608,31.8556854128,36.1996425146,48.6109485196,False,10.5272833347,27.9333333333,17.4060499986
188.0,AAL1905,AAL1905.CLT.MCO.171207.0915.0058.AIRLINE,False,True,10561061.0,JET,N173US,A321,30000.0,KMCO,LAMMA,,,,,,2017-12-12 16:30:00,58,2017-12-12 16:20:00,3171.0,,,AAL,KCLT,,2017-12-12 15:19:24,ICONS,2017-12-12 14:48:36,,,2017-12-12 15:06:06,36R,2017-12-12 14:43:20,D9,2017-12-12 14:35:00,2017-12-12 14:33:17,8.0,2017-12-12 13:22:24,2017-12-12 14:32:04,2017-12-12 14:43:00,2.0,2017-12-12 13:20:54,2017-12-12 14:43:19,,,,,,,,,,,,2017-12-12 15:08:10,2017-12-12 15:02:28,False,False,AIRLINE,1343392.0,False,False,700.0,176.130868374,28.4522222222,-81.2822222222,TFM,178.0,2017-12-12 16:21:27,UNSET,2017-12-12 17:55:19,KCLT./.SAV189026..OMN.CWRLD4.KMCO/1619,,OFF,2017-12-12 17:55:01,PROCEED_TO_SPOT,2017-12-12 14:45:01,FLIGHTHUB_POSITION,PUSHBACK,2017-12-12 12:35:06,2017-12-12 14:43:21,2017-12-12 14:46:57,2017-12-12 14:48:37,2017-12-12 14:52:37,2017-12-12 15:06:06,,,,,,,,,,,False,,2017-12-12 14:43:21,-100.0,,,,,2017-12-12 14:46:56,,,,,,,,-604.0,-501.0,-500.0,2017-12-12 14:33:17,2017-12-12 14:43:00,-603.0,-603.0,-265.0,-121.0,-500.0,-500.0,-500.0,-500.0,603.0,603.0,265.0,121.0,500.0,500.0,500.0,500.0,A321,D,,,True,True,True,True,-759.802000046,-759.802000046,0.0,GATE_DEPARTURE_UNCERTAIN--GATE_DEPARTURE_READY--GATE_DEPARTURE_UNCERTAIN--NO_PRIORITY_DEPARTURE_TAXI--NOT_SCHEDULED,PUSHBACK_UNCERTAIN--PUSHBACK_READY--PUSHBACK_UNCERTAIN--OUT--TAXI--QUEUE--TAXI--QUEUE--OFF,2.0,2017-12-12 14:30:35.198000+00:00,2017-12-12 15:21:34+00:00,2017-12-12 14:43:46.172000+00:00,928.0,36R,36R,TIME_BASED_METERING,2017-12-12 14:43:15+00:00,2017-12-12 15:27:07+00:00,2017-12-12 14:52:54.102000+00:00,1261.0,36R,"36C,36R",TIME_BASED_METERING,,,,,,,,,,,,,,,,,,,,2017-12-12 14:43:15+00:00,2017-12-12 15:27:07+00:00,2017-12-12 14:52:54.102000+00:00,1152.82800007,1212.898,1261.0,36R,"36C,36R",TIME_BASED_METERING,1.0,2017-12-12 14:25:35.089000+00:00,2017-12-12 15:02:33+00:00,2017-12-12 14:53:58.683000+00:00,1153.82800007,1148.31700015,-63.0,36R,36R,TIME_BASED_METERING,-87.3772300053,-1677.6428161,-269.121868416,-305.820305018,-410.672981025,False,10.6528666695,22.7666666667,12.1137999972
221.0,AAL1938,AAL1938.CLT.TPA.171207.0915.0798.AIRLINE,False,True,11050850.0,JET,N655AW,A320,27000.0,KTPA,DADES,,,,,,2017-12-12 16:11:00,F78,2017-12-12 16:09:00,4152.0,,,AAL,KCLT,,2017-12-12 14:57:01,BEAVY,2017-12-12 14:33:43,,,2017-12-12 14:43:21,36R,2017-12-12 14:27:44,C19,2017-12-12 14:30:00,2017-12-12 14:30:02,11.0,2017-12-12 10:02:14,2017-12-12 14:27:28,2017-12-12 14:27:00,1.0,2017-12-12 10:02:15,2017-12-12 14:28:02,,,,,,,,,,,,2017-12-12 14:35:08,2017-12-12 14:29:22,False,False,AIRLINE,905346.0,False,False,200.0,183.445405686,27.9905555556,-82.5286111111,TFM,159.0,2017-12-12 16:06:07,UNSET,2017-12-12 17:55:19,KCLT./.CAE213048..JAYJA.DADES4.KTPA/1608,,OFF,2017-12-12 17:55:01,PROCEED_TO_SPOT,2017-12-12 14:29:07,FLIGHTHUB_POSITION,RAMP_TAXI_OUT,2017-12-12 12:30:06,2017-12-12 14:27:45,2017-12-12 14:28:15,2017-12-12 14:33:43,2017-12-12 14:37:13,2017-12-12 14:43:21,,,,,,,,,,,False,,2017-12-12 14:27:45,-82.0,,2017-12-12 14:25:19,-146.0,,2017-12-12 14:28:14,,,,,,,,283.0,281.0,136.0,2017-12-12 14:30:02,2017-12-12 14:27:00,98.0,-218.0,-22.0,136.0,136.0,136.0,136.0,136.0,98.0,218.0,22.0,136.0,136.0,136.0,136.0,136.0,A320,D,,,True,True,False,False,149.961000204,149.961000204,0.0,GATE_DEPARTURE_UNCERTAIN--GATE_DEPARTURE_PLANNED--GATE_DEPARTURE_READY--NO_PRIORITY_DEPARTURE_TAXI--NOT_SCHEDULED,PUSHBACK_UNCERTAIN--PUSHBACK_PLANNED--PUSHBACK_READY--OUT--TAXI--QUEUE--OFF,1.0,,,,,,,,2017-12-12 14:13:04.971000+00:00,2017-12-12 14:40:35.530000+00:00,2017-12-12 14:33:54.834000+00:00,-166.0,36R,,TIME_BASED_METERING,1.0,2017-12-12 14:13:15.019000+00:00,2017-12-12 14:40:35.530000+00:00,2017-12-12 14:33:54.834000+00:00,596.980999947,0.0,-166.0,36R,,TIME_BASED_METERING,2017-12-12 14:25:15.090000+00:00,2017-12-12 14:47:23+00:00,2017-12-12 14:40:04.834000+00:00,246.910000086,0.0,242.0,36R,36R,TIME_BASED_METERING,2017-12-12 14:25:15.090000+00:00,2017-12-12 14:47:23+00:00,2017-12-12 14:40:04.834000+00:00,246.910000086,0.0,242.0,36R,36R,TIME_BASED_METERING,1.0,2017-12-12 14:25:25.025000+00:00,2017-12-12 14:47:23+00:00,2017-12-12 14:40:04.834000+00:00,246.910000086,0.0,242.0,36R,36R,TIME_BASED_METERING,15.1610571206,266.834605323,46.6960559316,21.2254799689,60.6442284825,False,10.7139000018,15.6166666667,4.90276666482
251.0,AAL1982,AAL1982.CLT.BOS.171207.0916.0023.AIRLINE,False,True,10978020.0,JET,N583UW,A321,11000.0,KBOS,PVD,,,,,,2017-12-12 17:19:00,B11,2017-12-12 17:05:00,3546.0,,,AAL,KCLT,,2017-12-12 15:43:40,BARMY,2017-12-12 15:09:16,,,2017-12-12 15:33:05,36R,2017-12-12 15:06:53,D5,2017-12-12 14:45:00,2017-12-12 14:46:48,9.0,2017-12-12 13:32:56,2017-12-12 14:44:42,2017-12-12 15:02:00,2.0,2017-12-12 13:31:11,2017-12-12 15:02:42,,,,,,,IDAC,,,,,2017-12-12 15:12:08,2017-12-12 15:12:08,False,False,FMC,1524713.0,False,False,11000.0,205.684959439,42.3705555556,-71.0025,TFM,139.0,2017-12-12 17:13:13,UNSET,2017-12-12 18:15:04,KCLT./.BDR081015..ROBUC.ROBUC3.KBOS/1702,,OFF,2017-12-12 18:15:02,PROCEED_TO_SPOT,2017-12-12 13:35:40,FLIGHTHUB_POSITION,SCHEDULED,2017-12-12 12:45:06,2017-12-12 15:05:20,2017-12-12 15:06:57,2017-12-12 15:09:16,2017-12-12 15:12:37,2017-12-12 15:33:05,,,,,,,,2017-12-12 15:05:25,,,False,,2017-12-12 15:05:20,5380.0,,2017-12-12 14:46:38,-1122.0,2017-12-12 15:05:25,2017-12-12 15:06:55,,,,,,,,10.0,-98.0,-1313.0,2017-12-12 14:46:48,2017-12-12 15:02:00,-1205.0,-1205.0,-1205.0,-1235.0,-713.0,-713.0,-1313.0,-1313.0,1205.0,1205.0,1205.0,1235.0,713.0,713.0,1313.0,1313.0,A321,D,,,True,True,True,True,-70.1159999371,-70.1159999371,0.0,GATE_DEPARTURE_UNCERTAIN--GATE_DEPARTURE_READY--GATE_DEPARTURE_UNCERTAIN--GATE_DEPARTURE_READY--GATE_DEPARTURE_UNCERTAIN--NO_PRIORITY_DEPARTURE_TAXI--NOT_SCHEDULED,PUSHBACK_UNCERTAIN--PUSHBACK_READY--PUSHBACK_UNCERTAIN--PUSHBACK_READY--PUSHBACK_UNCERTAIN--OUT--TAXI--QUEUE--OFF,3.0,2017-12-12 15:05:34.836000+00:00,2017-12-12 15:45:14+00:00,2017-12-12 15:15:13.910000+00:00,729.0,36R,36R,TIME_BASED_METERING,2017-12-12 15:06:44.952000+00:00,2017-12-12 15:41:13+00:00,2017-12-12 15:16:24.033000+00:00,488.0,36R,36R,TIME_BASED_METERING,,,,,,,,,,,,,,,,,,,,2017-12-12 15:06:44.952000+00:00,2017-12-12 15:41:13+00:00,2017-12-12 15:16:24.033000+00:00,588.929000139,648.967000008,488.0,36R,36R,TIME_BASED_METERING,2.0,2017-12-12 14:46:35.161000+00:00,2017-12-12 15:32:20+00:00,2017-12-12 15:13:14.221000+00:00,323.929000139,313.779000044,-111.0,36R,"36C,36R",TIME_BASED_METERING,-8.06333999276,-154.816127861,-24.8350871777,-28.2216899747,-37.897697966,False,10.6519833326,26.2,15.5480166674
552.0,AWI4235,AWI4235.CLT.GSO.171207.0915.0094.AIRLINE,False,True,10850281.0,JET,N458AW,CRJ2,9000.0,KGSO,,,,,,,2017-12-12 15:49:00,44,2017-12-12 15:43:00,5113.0,,,AWI,KCLT,,2017-12-12 15:32:27,,2017-12-12 14:58:51,,,2017-12-12 15:22:40,36R,2017-12-12 14:40:34,E4,2017-12-12 14:45:00,2017-12-12 14:45:20,9.0,2017-12-12 09:44:49,2017-12-12 14:42:48,2017-12-12 14:32:00,1.0,2017-12-12 09:44:51,2017-12-12 14:43:59,,,,,,,,,,,,2017-12-12 14:52:55,2017-12-12 14:42:16,False,False,AIRLINE,2497106.0,False,False,1000.0,225.995784654,36.1036111111,-79.9530555556,TFM,142.0,2017-12-12 15:44:49,UNSET,2017-12-12 17:55:19,KCLT.CLT2.GANTS..KGSO/1539,,OFF,2017-12-12 17:55:01,PROCEED_TO_SPOT,2017-12-12 14:51:15,ASDEX,RAMP_TAXI_OUT,2017-12-12 09:54:44,2017-12-12 14:40:35,2017-12-12 14:43:49,2017-12-12 14:58:51,2017-12-12 15:05:42,2017-12-12 15:22:40,,,,,,,,,,,False,,2017-12-12 14:40:34,-641.0,,2017-12-12 14:37:17,-197.0,,2017-12-12 14:43:49,,,,,,,,177.0,463.0,266.0,2017-12-12 14:40:14,2017-12-12 14:45:00,-20.0,-334.0,-265.0,266.0,266.0,266.0,266.0,266.0,20.0,334.0,265.0,266.0,266.0,266.0,266.0,266.0,CRJ2,E,,,True,True,True,False,200.227999926,178.980000019,21.2479999065,GATE_DEPARTURE_UNCERTAIN--GATE_DEPARTURE_PLANNED--GATE_DEPARTURE_READY--NO_PRIORITY_DEPARTURE_TAXI--NOT_SCHEDULED,PUSHBACK_UNCERTAIN--PUSHBACK_PLANNED--PUSHBACK_READY--OUT--TAXI--QUEUE--TAXI--QUEUE--OFF,1.0,,,,,,,,2017-12-12 14:24:55.115000+00:00,2017-12-12 15:02:44+00:00,2017-12-12 14:50:35.808000+00:00,-1196.0,36R,,TIME_BASED_METERING,1.0,2017-12-12 14:25:04.747000+00:00,2017-12-12 14:58:20+00:00,2017-12-12 14:50:35.808000+00:00,595.253000021,0.0,-1460.0,36R,,TIME_BASED_METERING,2017-12-12 14:37:15.020000+00:00,2017-12-12 15:11:52+00:00,2017-12-12 14:55:49.808000+00:00,301.171999931,122.191999912,-648.0,36R,"36C,36R",TIME_BASED_METERING,2017-12-12 14:37:15.020000+00:00,2017-12-12 15:11:52+00:00,2017-12-12 14:55:49.808000+00:00,301.171999931,122.191999912,-648.0,36R,"36C,36R",TIME_BASED_METERING,1.0,2017-12-12 14:37:25.004000+00:00,2017-12-12 15:11:52+00:00,2017-12-12 14:55:49.808000+00:00,301.171999931,122.191999912,-515.0,36R,"36C,36R",TIME_BASED_METERING,9.79114919636,465.960790255,30.1567395248,45.9204897309,36.4230750105,False,15.5968000015,42.1,26.5031999985
556.0,AWI4240,AWI4240.CLT.CAE.171207.0915.0391.AIRLINE,False,True,10846477.0,JET,N454AW,CRJ2,10000.0,KCAE,,,,,,,2017-12-12 15:49:00,4,2017-12-12 15:46:00,3526.0,,,AAL,KCLT,,2017-12-12 15:33:19,,2017-12-12 14:58:24,,,2017-12-12 15:20:38,36R,2017-12-12 14:50:09,E5,2017-12-12 14:50:00,2017-12-12 14:51:17,9.0,2017-12-12 09:22:12,2017-12-12 14:47:36,2017-12-12 14:43:00,1.0,2017-12-12 09:20:56,2017-12-12 14:53:46,,,,,,,,,,,,2017-12-12 14:59:15,2017-12-12 14:52:06,False,False,AIRLINE,1818506.0,False,False,1000.0,277.913739531,33.9294444444,-81.0722222222,TFM,120.0,2017-12-12 15:45:31,UNSET,2017-12-12 17:55:19,KCLT.CLT2.BUCKL..KCAE/1538,,OFF,2017-12-12 17:55:01,PROCEED_TO_SPOT,2017-12-12 14:53:55,ASDEX,RAMP_TAXI_OUT,2017-12-12 09:20:57,2017-12-12 14:50:10,2017-12-12 14:52:39,2017-12-12 14:58:24,2017-12-12 15:02:40,2017-12-12 15:20:38,,,,,,,,,,,False,,2017-12-12 14:50:10,-225.0,,2017-12-12 14:46:13,-237.0,,2017-12-12 14:52:39,,,,,,,,304.0,227.0,-9.0,2017-12-12 14:51:17,2017-12-12 14:43:00,117.0,-237.0,-38.0,-9.0,-9.0,-9.0,-9.0,-9.0,117.0,237.0,38.0,9.0,9.0,9.0,9.0,9.0,CRJ2,E,,,True,True,False,False,249.624000072,249.624000072,0.0,GATE_DEPARTURE_UNCERTAIN--GATE_DEPARTURE_PLANNED--GATE_DEPARTURE_READY--NO_PRIORITY_DEPARTURE_TAXI--NOT_SCHEDULED,PUSHBACK_UNCERTAIN--PUSHBACK_PLANNED--PUSHBACK_READY--OUT--TAXI--QUEUE--OFF,1.0,,,,,,,,2017-12-12 14:38:55.081000+00:00,2017-12-12 15:31:15+00:00,2017-12-12 15:01:37.303000+00:00,637.0,36R,"36C,36R",TIME_BASED_METERING,1.0,2017-12-12 14:39:05.419000+00:00,2017-12-12 15:13:35+00:00,2017-12-12 14:58:18.303000+00:00,503.278000116,76.6970000267,-423.0,36R,"36C,36R",TIME_BASED_METERING,2017-12-12 14:46:05.327000+00:00,2017-12-12 15:16:28+00:00,2017-12-12 15:04:12.303000+00:00,360.673000097,0.0,-250.0,36R,"36C,36R",TIME_BASED_METERING,2017-12-12 14:46:05.327000+00:00,2017-12-12 15:16:28+00:00,2017-12-12 15:04:12.303000+00:00,360.673000097,0.0,-250.0,36R,"36C,36R",TIME_BASED_METERING,1.0,2017-12-12 14:46:15.091000+00:00,2017-12-12 15:16:28+00:00,2017-12-12 15:04:12.303000+00:00,360.673000097,0.0,-263.0,36R,"36C,36R",TIME_BASED_METERING,12.2066136035,580.912741393,37.5963698989,57.2490178006,45.4086026052,False,12.1050499996,30.4833333333,18.3782833338
697.0,JIA5041,JIA5041.CLT.CHS.171207.0916.0086.AIRLINE,False,True,10972506.0,JET,N578NN,CRJ9,11000.0,KCHS,,,,,,,2017-12-12 15:41:00,B7,2017-12-12 15:44:00,3103.0,,,JIA,KCLT,,2017-12-12 15:10:49,KWEEN,2017-12-12 14:44:51,,,2017-12-12 14:59:21,36R,2017-12-12 14:36:29,E32,2017-12-12 14:35:00,2017-12-12 14:38:12,9.0,2017-12-12 09:54:34,2017-12-12 14:30:18,2017-12-12 14:32:00,1.0,2017-12-12 09:50:34,2017-12-12 14:32:21,,,,,,,,,,,,2017-12-12 14:47:36,2017-12-12 14:38:12,False,False,AIRLINE,1345071.0,False,False,100.0,145.300003052,32.8741666667,-80.0188888889,TMA,134.0,2017-12-12 15:39:09,UNSET,2017-12-12 17:55:19,KCLT./.SPA102059..UNJAM.OSPRI6.KCHS/1532,,OFF,2017-12-12 17:55:01,PROCEED_TO_SPOT,2017-12-12 14:41:55,FLIGHTHUB_POSITION,RAMP_TAXI_OUT,2017-12-12 09:50:36,2017-12-12 14:36:29,2017-12-12 14:40:17,2017-12-12 14:44:51,2017-12-12 14:47:32,2017-12-12 14:59:21,,,,,,,,,,,False,,2017-12-12 14:36:29,-326.0,,2017-12-12 14:31:40,-289.0,,2017-12-12 14:40:17,,,,,,,,392.0,200.0,-89.0,2017-12-12 14:38:12,2017-12-12 14:32:00,103.0,9.0,-361.0,-89.0,-89.0,-89.0,-89.0,-89.0,103.0,9.0,361.0,89.0,89.0,89.0,89.0,89.0,CRJ9,E,,,True,True,False,False,299.963999987,299.963999987,0.0,GATE_DEPARTURE_UNCERTAIN--GATE_DEPARTURE_PLANNED--GATE_DEPARTURE_UNCERTAIN--GATE_DEPARTURE_PLANNED--GATE_DEPARTURE_READY--NO_PRIORITY_DEPARTURE_TAXI--NOT_SCHEDULED,PUSHBACK_UNCERTAIN--PUSHBACK_PLANNED--PUSHBACK_UNCERTAIN--PUSHBACK_PLANNED--PUSHBACK_READY--OUT--TAXI--QUEUE--OFF,2.0,2017-12-12 14:25:04.747000+00:00,2017-12-12 15:05:03+00:00,2017-12-12 14:50:58.941000+00:00,342.0,36R,,TIME_BASED_METERING,2017-12-12 14:26:34.931000+00:00,2017-12-12 15:14:09+00:00,2017-12-12 14:50:58.941000+00:00,888.0,36R,36R,TIME_BASED_METERING,2.0,2017-12-12 14:26:45.105000+00:00,2017-12-12 14:56:21+00:00,2017-12-12 14:50:58.941000+00:00,592.894999981,0.0,-180.0,36R,36R,TIME_BASED_METERING,2017-12-12 14:31:34.865000+00:00,2017-12-12 15:01:12+00:00,2017-12-12 14:52:32.941000+00:00,397.13499999,0.0,111.0,36R,36R,TIME_BASED_METERING,2017-12-12 14:31:34.865000+00:00,2017-12-12 15:01:12+00:00,2017-12-12 14:52:32.941000+00:00,397.13499999,0.0,111.0,36R,36R,TIME_BASED_METERING,1.0,2017-12-12 14:31:45.154000+00:00,2017-12-12 15:01:12+00:00,2017-12-12 14:52:32.941000+00:00,397.13499999,0.0,111.0,36R,36R,TIME_BASED_METERING,19.1976959991,350.357951984,59.1289036774,2.49570047989,88.3094015961,False,14.3490166664,22.8666666667,8.51765000025
731.0,JIA5086,JIA5086.CLT.GSP.171207.0915.0671.AIRLINE,False,True,10905826.0,JET,N512AE,CRJ7,10000.0,KGSP,,,,,,,2017-12-12 15:30:00,A1,2017-12-12 15:40:00,5173.0,,,JIA,KCLT,,2017-12-12 15:09:36,,2017-12-12 14:51:06,,,2017-12-12 14:58:48,36C,2017-12-12 14:41:40,E16,2017-12-12 14:45:00,2017-12-12 14:47:43,10.0,2017-12-12 09:14:30,2017-12-12 14:44:46,2017-12-12 14:39:00,2.0,2017-12-12 09:13:01,2017-12-12 14:53:20,,,,,,,,,,,,2017-12-12 14:48:48,2017-12-12 14:43:21,False,False,AIRLINE,977534.0,False,False,2700.0,248.759540517,34.9883333333,-82.1147222222,TFM,209.0,2017-12-12 15:16:38,UNSET,2017-12-12 17:55:19,KCLT.CLT2.HARAY..KGSP/1519,,OFF,2017-12-12 17:55:01,PROCEED_TO_SPOT,2017-12-12 14:48:45,FLIGHTHUB_POSITION,PUSHBACK,2017-12-12 09:13:03,2017-12-12 14:41:41,2017-12-12 14:49:07,2017-12-12 14:51:06,2017-12-12 14:55:53,2017-12-12 14:58:48,,,,,,,,,,,False,,2017-12-12 14:41:41,-424.0,,2017-12-12 14:39:22,-139.0,,2017-12-12 14:49:07,,,,,,,,239.0,338.0,200.0,2017-12-12 14:43:21,2017-12-12 14:45:00,101.0,-231.0,-187.0,200.0,200.0,200.0,200.0,200.0,101.0,231.0,187.0,200.0,200.0,200.0,200.0,200.0,CRJ7,E,,,True,True,False,False,149.802000046,149.802000046,0.0,GATE_DEPARTURE_UNCERTAIN--GATE_DEPARTURE_PLANNED--GATE_DEPARTURE_READY--NO_PRIORITY_DEPARTURE_TAXI--NOT_SCHEDULED,PUSHBACK_UNCERTAIN--PUSHBACK_PLANNED--PUSHBACK_READY--OUT--TAXI--QUEUE--OFF,1.0,,,,,,,,2017-12-12 14:27:45.051000+00:00,2017-12-12 15:00:01.434000+00:00,2017-12-12 14:49:06.818000+00:00,73.0,36C,36R,TIME_BASED_METERING,1.0,2017-12-12 14:27:55.031000+00:00,2017-12-12 14:58:38.744000+00:00,2017-12-12 14:49:06.818000+00:00,593.969000101,0.0,-10.0,36C,36R,TIME_BASED_METERING,2017-12-12 14:39:15.157000+00:00,2017-12-12 14:56:58.198000+00:00,2017-12-12 14:54:38.818000+00:00,245.842999935,0.0,-110.0,36C,"36C,36R",TIME_BASED_METERING,2017-12-12 14:39:15.157000+00:00,2017-12-12 14:56:58.198000+00:00,2017-12-12 14:54:38.818000+00:00,245.842999935,0.0,-110.0,36C,"36C,36R",TIME_BASED_METERING,1.0,2017-12-12 14:39:25.001000+00:00,2017-12-12 14:56:58.198000+00:00,2017-12-12 14:54:38.818000+00:00,245.842999935,0.0,-115.0,36C,"36C,36R",TIME_BASED_METERING,9.43752600288,184.220507576,29.0675800889,1.51000416046,42.468867013,False,11.296966668,17.1333333333,5.83636666536
806.0,JIA5185,JIA5185.CLT.SAV.171207.0915.0483.AIRLINE,False,True,10975009.0,JET,N580NN,CRJ9,11000.0,KSAV,,,,,,,2017-12-12 15:47:00,8,2017-12-12 15:43:00,3175.0,,,JIA,KCLT,,2017-12-12 15:10:24,ICONS,2017-12-12 14:44:28,,,2017-12-12 14:58:16,36R,2017-12-12 14:35:43,E35B,2017-12-12 14:35:00,2017-12-12 14:37:29,4.0,2017-12-12 09:45:01,2017-12-12 14:28:55,2017-12-12 14:37:00,1.0,2017-12-12 09:45:02,2017-12-12 14:37:30,,,,,,,,,,,,2017-12-12 14:45:32,2017-12-12 14:37:29,False,False,AIRLINE,1323482.0,False,False,200.0,269.0,32.1288888889,-81.2308333333,TMA,122.0,2017-12-12 15:44:56,UNSET,2017-12-12 17:55:20,KCLT./.3448N/08053W..KSAV,,OFF,2017-12-12 17:55:01,PROCEED_TO_SPOT,2017-12-12 14:38:45,ASDEX,PUSHBACK,2017-12-12 09:52:58,2017-12-12 14:35:43,2017-12-12 14:40:55,2017-12-12 14:44:28,2017-12-12 14:47:17,2017-12-12 14:58:16,,,,,,,,,,,False,,2017-12-12 14:35:43,-182.0,,2017-12-12 14:32:04,-219.0,,2017-12-12 14:40:54,,,,,,,,325.0,176.0,-43.0,2017-12-12 14:37:29,2017-12-12 14:37:00,106.0,-279.0,-45.0,-43.0,-43.0,-43.0,-43.0,-43.0,106.0,279.0,45.0,43.0,43.0,43.0,43.0,43.0,CRJ9,E,,,True,True,False,False,230.05700016,230.05700016,0.0,GATE_DEPARTURE_UNCERTAIN--GATE_DEPARTURE_PLANNED--GATE_DEPARTURE_READY--NO_PRIORITY_DEPARTURE_TAXI--NOT_SCHEDULED,PUSHBACK_UNCERTAIN--PUSHBACK_PLANNED--PUSHBACK_READY--OUT--TAXI--QUEUE--OFF,1.0,,,,,,,,2017-12-12 14:20:55.029000+00:00,2017-12-12 14:51:33+00:00,2017-12-12 14:44:03.640000+00:00,-403.0,36R,"36C,36R",NO_METERING,1.0,2017-12-12 14:21:05+00:00,2017-12-12 14:51:33+00:00,2017-12-12 14:44:03.640000+00:00,599.0,0.0,-403.0,36R,"36C,36R",NO_METERING,2017-12-12 14:31:55.024000+00:00,2017-12-12 14:58:59+00:00,2017-12-12 14:50:28.640000+00:00,333.976000071,0.0,43.0,36R,36R,TIME_BASED_METERING,2017-12-12 14:31:55.024000+00:00,2017-12-12 14:58:59+00:00,2017-12-12 14:50:28.640000+00:00,333.976000071,0.0,43.0,36R,36R,TIME_BASED_METERING,1.0,2017-12-12 14:32:05.192000+00:00,2017-12-12 14:58:59+00:00,2017-12-12 14:50:28.640000+00:00,333.976000071,0.0,43.0,36R,36R,TIME_BASED_METERING,14.7236480103,268.706576187,45.3488358716,1.91407424133,67.7287808472,False,12.9940000017,22.55,9.55599999825
863.0,JIA5249,JIA5249.CLT.FAY.171207.0916.0041.AIRLINE,False,True,11109585.0,JET,N712PS,CRJ7,13000.0,KFAY,,,,,,,2017-12-12 15:31:00,B1,2017-12-12 15:37:00,2241.0,,,JIA,KCLT,,2017-12-12 15:13:46,LILLS,2017-12-12 14:45:40,,,2017-12-12 15:01:52,36R,2017-12-12 14:36:49,E6,2017-12-12 14:40:00,2017-12-12 14:42:25,6.0,2017-12-12 09:29:55,2017-12-12 14:31:58,2017-12-12 14:30:00,1.0,2017-12-12 09:29:56,2017-12-12 14:32:42,,,,,,,,,,,,2017-12-12 14:49:07,2017-12-12 14:38:39,False,False,AIRLINE,1472235.0,False,False,400.0,212.334501335,35.0002777778,-78.8761111111,TFM,120.0,2017-12-12 15:28:29,UNSET,2017-12-12 17:55:20,KCLT.LILLS1.LILLS.V296.FAY..KFAY/1525,,OFF,2017-12-12 17:55:01,PROCEED_TO_SPOT,2017-12-12 14:42:25,ASDEX,RAMP_TAXI_OUT,2017-12-12 09:54:23,2017-12-12 14:36:50,2017-12-12 14:40:29,2017-12-12 14:45:40,2017-12-12 14:50:23,2017-12-12 15:01:52,,,,,,,,,,,False,,2017-12-12 14:36:50,-335.0,,2017-12-12 14:31:22,-328.0,,2017-12-12 14:40:29,,,,,,,,367.0,518.0,191.0,2017-12-12 14:37:29,2017-12-12 14:40:00,40.0,-163.0,77.0,191.0,191.0,191.0,191.0,191.0,40.0,163.0,77.0,191.0,191.0,191.0,191.0,191.0,CRJ7,E,,,True,True,True,False,339.826999903,339.826999903,0.0,GATE_DEPARTURE_UNCERTAIN--GATE_DEPARTURE_PLANNED--GATE_DEPARTURE_READY--NO_PRIORITY_DEPARTURE_TAXI--NOT_SCHEDULED,PUSHBACK_UNCERTAIN--PUSHBACK_PLANNED--PUSHBACK_READY--OUT--TAXI--QUEUE--OFF,1.0,,,,,,,,2017-12-12 14:22:15.039000+00:00,2017-12-12 14:58:20+00:00,2017-12-12 14:47:39.709000+00:00,-212.0,36R,"36C,36R",NO_METERING,1.0,2017-12-12 14:22:25.026000+00:00,2017-12-12 14:53:49+00:00,2017-12-12 14:47:39.709000+00:00,589.973999977,0.0,-483.0,36R,"36C,36R",NO_METERING,2017-12-12 14:31:15.276000+00:00,2017-12-12 15:08:04+00:00,2017-12-12 14:52:53.709000+00:00,444.014999866,70.2909998894,372.0,36R,36R,TIME_BASED_METERING,2017-12-12 14:31:15.276000+00:00,2017-12-12 15:08:04+00:00,2017-12-12 14:52:53.709000+00:00,444.014999866,70.2909998894,372.0,36R,36R,TIME_BASED_METERING,1.0,2017-12-12 14:31:25.080000+00:00,2017-12-12 15:08:04+00:00,2017-12-12 14:52:53.709000+00:00,444.014999866,70.2909998894,231.0,36R,36R,TIME_BASED_METERING,21.4091009939,417.9056514,65.9400310611,3.42545615902,96.3409544724,False,15.4118166685,25.05,9.63818333149
870.0,JIA5255,JIA5255.CLT.PNS.171207.0916.0063.AIRLINE,False,True,10978813.0,JET,N584NN,CRJ9,11000.0,KPNS,,,,,,,2017-12-12 16:37:00,7,2017-12-12 16:30:00,1760.0,,,JIA,KCLT,,2017-12-12 15:18:33,ESTRR,2017-12-12 14:57:41,,,2017-12-12 15:07:19,36C,2017-12-12 14:40:42,E30,2017-12-12 14:40:00,2017-12-12 14:42:15,12.0,2017-12-12 09:56:01,2017-12-12 14:34:58,2017-12-12 14:41:00,1.0,2017-12-12 09:54:42,2017-12-12 14:41:52,,,,,,,,,,,,2017-12-12 14:52:45,2017-12-12 14:42:15,False,False,AIRLINE,1550628.0,False,False,100.0,346.696692199,30.4683333333,-87.1869444444,TFM,117.0,2017-12-12 16:35:08,UNSET,2017-12-12 17:55:20,KCLT./.LGC076014..PIGON..CEW..PENSI..KPNS/1629,,OFF,2017-12-12 17:55:01,PROCEED_TO_SPOT,2017-12-12 14:50:42,ASDEX,RAMP_TAXI_OUT,2017-12-12 09:54:44,2017-12-12 14:40:43,2017-12-12 14:47:58,2017-12-12 14:57:41,2017-12-12 15:00:18,2017-12-12 15:07:19,,,,,,,,,,,False,,2017-12-12 14:40:43,-599.0,,2017-12-12 14:38:54,-109.0,,2017-12-12 14:47:58,,,,,,,,201.0,66.0,-42.0,2017-12-12 14:42:15,2017-12-12 14:40:00,93.0,-114.0,-401.0,-42.0,-42.0,-42.0,-42.0,-42.0,93.0,114.0,401.0,42.0,42.0,42.0,42.0,42.0,CRJ9,E,,,True,True,False,False,120.029999971,120.029999971,0.0,GATE_DEPARTURE_UNCERTAIN--GATE_DEPARTURE_PLANNED--GATE_DEPARTURE_UNCERTAIN--GATE_DEPARTURE_PLANNED--GATE_DEPARTURE_UNCERTAIN--GATE_DEPARTURE_PLANNED--GATE_DEPARTURE_READY--NO_PRIORITY_DEPARTURE_TAXI--NOT_SCHEDULED,PUSHBACK_UNCERTAIN--PUSHBACK_PLANNED--PUSHBACK_UNCERTAIN--PUSHBACK_PLANNED--PUSHBACK_UNCERTAIN--PUSHBACK_PLANNED--PUSHBACK_READY--OUT--TAXI--QUEUE--OFF,3.0,2017-12-12 14:33:35.133000+00:00,2017-12-12 15:07:31+00:00,2017-12-12 15:00:22.606000+00:00,12.0,36C,"36C,36R",TIME_BASED_METERING,2017-12-12 14:33:55.159000+00:00,2017-12-12 15:06:16+00:00,2017-12-12 15:00:22.606000+00:00,-63.0,36C,"36C,36R",TIME_BASED_METERING,3.0,2017-12-12 14:34:05.100000+00:00,2017-12-12 15:00:22.606000+00:00,2017-12-12 15:00:22.606000+00:00,595.900000095,0.0,-417.0,36C,"36C,36R",TIME_BASED_METERING,2017-12-12 14:38:45.017000+00:00,2017-12-12 14:58:36.606000+00:00,2017-12-12 14:58:36.606000+00:00,209.98300004,0.0,-523.0,36C,"36C,36R",TIME_BASED_METERING,2017-12-12 14:38:45.017000+00:00,2017-12-12 14:58:36.606000+00:00,2017-12-12 14:58:36.606000+00:00,209.98300004,0.0,-523.0,36C,"36C,36R",TIME_BASED_METERING,1.0,2017-12-12 14:38:55.081000+00:00,2017-12-12 14:58:36.606000+00:00,2017-12-12 14:58:36.606000+00:00,209.98300004,0.0,-523.0,36C,"36C,36R",TIME_BASED_METERING,7.68191999817,140.195039967,23.6603135944,0.998649599762,35.3368319916,False,16.3600999991,26.6166666667,10.2565666676
905.0,JIA5289,JIA5289.CLT.MYR.171207.0916.0159.AIRLINE,False,True,10950382.0,JET,N556NN,CRJ9,11000.0,KMYR,,,,,,,2017-12-12 15:50:00,A2,2017-12-12 15:48:00,6063.0,,,JIA,KCLT,,2017-12-12 15:24:16,LILLS,2017-12-12 14:52:26,,,2017-12-12 15:12:16,36R,2017-12-12 14:45:33,E38C,2017-12-12 14:45:00,2017-12-12 14:47:06,6.0,2017-12-12 14:17:53,2017-12-12 14:44:43,2017-12-12 14:45:00,0.0,2017-12-12 09:51:05,2017-12-12 09:51:05,,,,,,,IDAC,,,,,2017-12-12 14:54:36,2017-12-12 14:46:07,False,False,AIRLINE,1581189.0,False,False,200.0,159.473288184,33.6919444444,-78.9313888889,TFM,132.0,2017-12-12 15:45:48,UNSET,2017-12-12 17:55:20,KCLT*./.3500N/08004W..KMYR,,OFF,2017-12-12 17:55:01,PROCEED_TO_SPOT,2017-12-12 14:49:03,FLIGHTHUB_POSITION,RAMP_TAXI_OUT,2017-12-12 09:51:07,2017-12-12 14:45:33,2017-12-12 14:48:10,2017-12-12 14:52:27,2017-12-12 14:58:01,2017-12-12 15:12:17,,,,,,,,,,,False,,2017-12-12 14:45:33,-210.0,,2017-12-12 14:41:52,-221.0,,2017-12-12 14:48:10,,,,,,,,376.0,188.0,-33.0,2017-12-12 14:48:08,2017-12-12 14:45:00,-100.0,-100.0,-19.0,-33.0,-33.0,-33.0,-33.0,-33.0,100.0,100.0,19.0,33.0,33.0,33.0,33.0,33.0,CRJ9,E,,,True,True,True,False,230.164999962,128.040999889,102.124000072,GATE_DEPARTURE_UNCERTAIN--GATE_DEPARTURE_PLANNED--GATE_DEPARTURE_READY--NO_PRIORITY_DEPARTURE_TAXI--NOT_SCHEDULED,PUSHBACK_UNCERTAIN--PUSHBACK_PLANNED--PUSHBACK_READY--OUT--TAXI--QUEUE--OFF,1.0,,,,,,,,2017-12-12 14:33:45.071000+00:00,2017-12-12 15:21:34+00:00,2017-12-12 14:57:18.473000+00:00,558.0,36R,"36C,36R",TIME_BASED_METERING,1.0,2017-12-12 14:33:55.159000+00:00,2017-12-12 15:10:04+00:00,2017-12-12 14:57:18.473000+00:00,597.84100008,0.0,-132.0,36R,"36C,36R",TIME_BASED_METERING,2017-12-12 14:41:44.959000+00:00,2017-12-12 15:13:33+00:00,2017-12-12 14:57:18.473000+00:00,262.56799984,134.52699995,77.0,36R,"36C,36R",TIME_BASED_METERING,2017-12-12 14:41:44.959000+00:00,2017-12-12 15:13:33+00:00,2017-12-12 14:57:18.473000+00:00,262.56799984,134.52699995,77.0,36R,"36C,36R",TIME_BASED_METERING,1.0,2017-12-12 14:41:54.982000+00:00,2017-12-12 15:13:33+00:00,2017-12-12 14:57:18.473000+00:00,262.56799984,134.52699995,-51.0,36R,"36C,36R",TIME_BASED_METERING,14.7305599976,268.832719955,45.3701247925,1.91497279968,67.7605759888,False,13.4245500008,26.7166666667,13.2921166658
942.0,JIA5330,JIA5330.CLT.SDF.171207.0915.0690.AIRLINE,False,True,10995832.0,JET,N600NN,CRJ9,11000.0,KSDF,,,,,,,2017-12-12 16:16:00,B4,2017-12-12 16:32:00,3342.0,,,JIA,KCLT,,2017-12-12 15:21:41,JOJJO,2017-12-12 15:02:45,,,2017-12-12 15:13:27,36C,2017-12-12 14:50:06,E8,2017-12-12 14:55:00,2017-12-12 14:51:51,2.0,2017-12-12 10:19:43,2017-12-12 14:30:23,2017-12-12 14:51:00,1.0,2017-12-12 09:51:05,2017-12-12 14:51:54,,,,,,,,,,,,2017-12-12 15:01:37,2017-12-12 14:51:51,False,False,AIRLINE,1361511.0,False,False,1400.0,292.5,38.1577777778,-85.6747222222,TMA,124.199996948,2017-12-12 16:12:09,UNSET,2017-12-12 17:55:20,KCLT.JOJJO3.CUBIM..LAFOX.MAUDD4.KSDF/1616,,OFF,2017-12-12 17:55:01,PROCEED_TO_SPOT,2017-12-12 14:59:30,FLIGHTHUB_POSITION,RAMP_TAXI_OUT,2017-12-12 09:51:07,2017-12-12 14:50:07,2017-12-12 14:53:52,2017-12-12 15:02:45,2017-12-12 15:06:11,2017-12-12 15:13:27,,,,,,,,,,,False,,2017-12-12 14:50:06,-564.0,,2017-12-12 14:46:37,-209.0,,2017-12-12 14:53:51,,,,,,,,314.0,503.0,294.0,2017-12-12 14:51:51,2017-12-12 14:51:00,105.0,105.0,-90.0,294.0,294.0,294.0,294.0,294.0,105.0,105.0,90.0,294.0,294.0,294.0,294.0,294.0,CRJ9,E,,,True,True,False,False,219.789999962,219.789999962,0.0,GATE_DEPARTURE_UNCERTAIN--GATE_DEPARTURE_PLANNED--GATE_DEPARTURE_READY--NO_PRIORITY_DEPARTURE_TAXI--NOT_SCHEDULED,PUSHBACK_UNCERTAIN--PUSHBACK_PLANNED--PUSHBACK_READY--OUT--TAXI--QUEUE--OFF,1.0,,,,,,,,2017-12-12 14:41:44.959000+00:00,2017-12-12 15:11:36.409000+00:00,2017-12-12 15:07:28.005000+00:00,-111.0,36C,"36C,36R",TIME_BASED_METERING,1.0,2017-12-12 14:41:54.982000+00:00,2017-12-12 15:07:28.005000+00:00,2017-12-12 15:07:28.005000+00:00,596.017999887,0.0,-359.0,36C,"36C,36R",TIME_BASED_METERING,2017-12-12 14:46:35.161000+00:00,2017-12-12 15:09:19.222000+00:00,2017-12-12 15:07:28.005000+00:00,315.838999987,0.0,-248.0,36C,"36C,36R",TIME_BASED_METERING,2017-12-12 14:46:35.161000+00:00,2017-12-12 15:09:19.222000+00:00,2017-12-12 15:07:28.005000+00:00,315.838999987,0.0,-248.0,36C,"36C,36R",TIME_BASED_METERING,1.0,2017-12-12 14:46:45.064000+00:00,2017-12-12 15:09:19.222000+00:00,2017-12-12 15:07:28.005000+00:00,315.838999987,0.0,-282.0,36C,"36C,36R",TIME_BASED_METERING,14.0665599976,256.714719955,43.3250047925,1.82865279968,64.7061759888,False,15.6167500019,23.35,7.73324999809
1005.0,JIA5406,JIA5406.CLT.AVL.171207.0915.0794.AIRLINE,False,True,10907728.0,JET,N514AE,CRJ7,10000.0,KAVL,,,,,,,2017-12-12 15:30:00,4,2017-12-12 15:40:00,5114.0,,,JIA,KCLT,,2017-12-12 15:13:46,,2017-12-12 14:51:29,,,2017-12-12 15:00:34,36C,2017-12-12 14:45:52,E7,2017-12-12 14:45:00,2017-12-12 14:47:18,6.0,2017-12-12 10:40:59,2017-12-12 14:37:46,2017-12-12 14:38:00,2.0,2017-12-12 09:54:21,2017-12-12 14:49:08,,,,,,,,,,,,2017-12-12 14:54:07,2017-12-12 14:47:18,False,False,AIRLINE,876923.0,False,False,2600.0,338.200136734,35.4072222222,-82.5322222222,TFM,118.0,2017-12-12 15:25:59,UNSET,2017-12-12 17:55:20,KCLT.CLT2.PITTY..SUG..KAVL/1524,,OFF,2017-12-12 17:55:01,PROCEED_TO_SPOT,2017-12-12 14:49:37,ASDEX,RAMP_TAXI_OUT,2017-12-12 09:54:23,2017-12-12 14:45:52,2017-12-12 14:48:54,2017-12-12 14:51:29,2017-12-12 14:56:18,2017-12-12 15:00:35,,,,,,,,,,,False,,2017-12-12 14:45:52,-225.0,,2017-12-12 14:39:16,-396.0,,2017-12-12 14:48:53,,,,,,,,482.0,344.0,-52.0,2017-12-12 14:47:18,2017-12-12 14:45:00,86.0,-383.0,-616.0,-52.0,-52.0,-52.0,-52.0,-52.0,86.0,383.0,616.0,52.0,52.0,52.0,52.0,52.0,CRJ7,E,,,True,True,False,False,400.082999945,400.082999945,0.0,GATE_DEPARTURE_UNCERTAIN--GATE_DEPARTURE_PLANNED--GATE_DEPARTURE_UNCERTAIN--GATE_DEPARTURE_PLANNED--GATE_DEPARTURE_READY--NO_PRIORITY_DEPARTURE_TAXI--NOT_SCHEDULED,PUSHBACK_UNCERTAIN--PUSHBACK_PLANNED--PUSHBACK_UNCERTAIN--PUSHBACK_PLANNED--PUSHBACK_READY--OUT--TAXI--QUEUE--OFF,2.0,2017-12-12 14:29:05.137000+00:00,2017-12-12 15:02:50.058000+00:00,2017-12-12 14:52:09.229000+00:00,136.0,36C,36R,TIME_BASED_METERING,2017-12-12 14:29:25.023000+00:00,2017-12-12 15:02:48.629000+00:00,2017-12-12 14:52:09.229000+00:00,134.0,36C,36R,TIME_BASED_METERING,2.0,2017-12-12 14:29:35.036000+00:00,2017-12-12 15:01:11.788000+00:00,2017-12-12 14:52:09.229000+00:00,593.963999987,0.0,37.0,36C,36R,TIME_BASED_METERING,2017-12-12 14:39:15.157000+00:00,2017-12-12 15:00:46.606000+00:00,2017-12-12 14:59:58.229000+00:00,482.842999935,0.0,12.0,36C,"36C,36R",TIME_BASED_METERING,2017-12-12 14:39:15.157000+00:00,2017-12-12 15:00:46.606000+00:00,2017-12-12 14:59:58.229000+00:00,482.842999935,0.0,12.0,36C,"36C,36R",TIME_BASED_METERING,1.0,2017-12-12 14:39:25.001000+00:00,2017-12-12 15:00:46.606000+00:00,2017-12-12 14:59:58.229000+00:00,482.842999935,0.0,12.0,36C,"36C,36R",TIME_BASED_METERING,25.2052289965,492.006070012,77.6321053093,4.03283663944,113.423530484,False,12.6704833349,14.7,2.02951666514
1251.0,PDT4781,PDT4781.CLT.PGV.171207.0915.0828.AIRLINE,False,True,10726538.0,TURBO,N336EN,DH8C,2300.0,KPGV,,,,,,,2017-12-12 16:10:00,,2017-12-12 15:24:00,3540.0,,,PDT,KCLT,,2017-12-12 15:37:35,ESTRR,2017-12-12 15:02:36,,,2017-12-12 15:27:00,36R,2017-12-12 14:52:43,E35C,2017-12-12 14:15:00,2017-12-12 14:36:47,10.0,2017-12-12 10:19:45,2017-12-12 14:26:12,2017-12-12 14:41:00,3.0,2017-12-12 09:52:05,2017-12-12 14:55:27,,,,,,,,,,,,2017-12-12 15:08:43,2017-12-12 14:55:04,False,False,AIRLINE,2012671.0,False,False,1500.0,92.0813402437,35.5861111111,-77.3169444444,TFM,223.0,2017-12-12 16:05:25,UNSET,2017-12-12 17:55:20,KCLT./.SDZ271002..KPGV,,OFF,2017-12-12 17:55:01,PROCEED_TO_SPOT,2017-12-12 15:02:15,FLIGHTHUB_POSITION,RAMP_TAXI_OUT,2017-12-12 09:52:07,2017-12-12 14:52:43,2017-12-12 14:58:40,2017-12-12 15:02:36,2017-12-12 15:06:54,2017-12-12 15:27:00,,,,,,,,,,,False,,2017-12-12 14:52:43,-572.0,,2017-12-12 14:42:54,-589.0,,2017-12-12 14:58:40,,,,,,,,-367.0,-1674.0,-2263.0,2017-12-12 14:36:47,2017-12-12 14:30:00,-956.0,-956.0,-956.0,-1048.0,-1363.0,-1363.0,-1363.0,-1363.0,956.0,956.0,956.0,1048.0,1363.0,1363.0,1363.0,1363.0,DH8C,E,,,True,True,False,False,599.779999971,599.779999971,0.0,GATE_DEPARTURE_UNCERTAIN--GATE_DEPARTURE_PLANNED--GATE_DEPARTURE_UNCERTAIN--GATE_DEPARTURE_READY--NO_PRIORITY_DEPARTURE_TAXI--NOT_SCHEDULED,PUSHBACK_UNCERTAIN--PUSHBACK_PLANNED--PUSHBACK_UNCERTAIN--PUSHBACK_READY--OUT--TAXI--QUEUE--OFF,2.0,2017-12-12 14:41:54.982000+00:00,2017-12-12 15:31:22+00:00,2017-12-12 14:54:25.268000+00:00,262.0,36R,"36C,36R",TIME_BASED_METERING,2017-12-12 14:42:45.086000+00:00,2017-12-12 15:29:09+00:00,2017-12-12 14:55:15.377000+00:00,129.0,36R,"36C,36R",TIME_BASED_METERING,1.0,2017-12-12 14:26:54.897000+00:00,2017-12-12 14:50:17.318000+00:00,2017-12-12 14:50:17.318000+00:00,592.102999926,0.0,-2203.0,36R,36R,TIME_BASED_METERING,2017-12-12 14:41:44.959000+00:00,2017-12-12 15:06:54+00:00,2017-12-12 14:54:15.251000+00:00,-60.0260000229,0.0,-1206.0,36R,"36C,36R",TIME_BASED_METERING,2017-12-12 14:42:45.086000+00:00,2017-12-12 15:22:35+00:00,2017-12-12 15:08:35+00:00,739.595999956,739.595999956,-265.0,36R,"36C,36R",TIME_BASED_METERING,1.0,2017-12-12 14:42:55.051000+00:00,2017-12-12 15:22:35+00:00,2017-12-12 15:08:35+00:00,739.595999956,0.0,-265.0,36R,"36C,36R",TIME_BASED_METERING,29.3292419986,1395.77862671,90.3340653557,137.554144973,109.104780235,False,13.5052999973,34.2833333333,20.778033336
1359.0,RPA4506,RPA4506.CLT.CLE.171207.0915.0132.AIRLINE,False,True,10500118.0,JET,N113HQ,E170,10000.0,KCLE,KEATN,,,,,,2017-12-12 16:17:00,C5,2017-12-12 16:23:00,1102.0,,,RPA,KCLT,,2017-12-12 15:02:59,WEAZL,2017-12-12 14:49:03,,,2017-12-12 14:55:42,36C,2017-12-12 14:44:29,C9,2017-12-12 14:40:00,2017-12-12 14:41:04,10.0,2017-12-12 09:35:56,2017-12-12 14:39:11,2017-12-12 14:37:00,1.0,2017-12-12 09:35:57,2017-12-12 14:37:55,,,,,,,,,,,,2017-12-12 14:47:05,2017-12-12 14:53:16,False,False,AIRLINE,626392.0,False,False,800.0,229.300003052,41.4,-81.8733333333,TMA,138.5,2017-12-12 16:09:09,UNSET,2017-12-12 17:55:20,KCLT./.3704N/08121W..TVT.KEATN6.KCLE/1604,,OFF,2017-12-12 17:55:01,PROCEED_TO_SPOT,2017-12-12 14:48:15,ASDEX,RAMP_TAXI_OUT,2017-12-12 10:38:38,2017-12-12 14:44:30,2017-12-12 14:44:35,2017-12-12 14:49:03,2017-12-12 14:52:33,2017-12-12 14:55:42,,,,,,,,,,,False,,2017-12-12 14:44:30,-225.0,,2017-12-12 14:39:55,-275.0,,2017-12-12 14:44:34,,,,,,,,69.0,5.0,-269.0,2017-12-12 14:41:04,2017-12-12 14:37:00,-205.0,-38.0,-220.0,-629.0,-449.0,-269.0,-269.0,-269.0,205.0,38.0,220.0,629.0,449.0,269.0,269.0,269.0,E170,E,,,True,True,False,False,,,,GATE_DEPARTURE_UNCERTAIN--GATE_DEPARTURE_PLANNED--GATE_DEPARTURE_UNCERTAIN--GATE_DEPARTURE_PLANNED--GATE_DEPARTURE_UNCERTAIN--GATE_DEPARTURE_PLANNED--GATE_DEPARTURE_READY--NO_PRIORITY_DEPARTURE_TAXI--NOT_SCHEDULED,PUSHBACK_UNCERTAIN--PUSHBACK_PLANNED--PUSHBACK_UNCERTAIN--PUSHBACK_PLANNED--PUSHBACK_UNCERTAIN--PUSHBACK_PLANNED--PUSHBACK_READY--TAXI--QUEUE--OFF,3.0,2017-12-12 14:33:35.133000+00:00,2017-12-12 15:05:11+00:00,2017-12-12 14:55:08.637000+00:00,569.0,36C,"36C,36R",TIME_BASED_METERING,2017-12-12 14:33:45.071000+00:00,2017-12-12 15:05:11+00:00,2017-12-12 14:55:08.637000+00:00,569.0,36C,"36C,36R",TIME_BASED_METERING,3.0,2017-12-12 14:33:55.159000+00:00,2017-12-12 14:58:15+00:00,2017-12-12 14:55:08.637000+00:00,595.84100008,0.0,153.0,36C,"36C,36R",TIME_BASED_METERING,2017-12-12 14:39:45.086000+00:00,2017-12-12 14:52:35.876000+00:00,2017-12-12 14:52:21.637000+00:00,78.9140000343,0.0,-187.0,36C,"36C,36R",TIME_BASED_METERING,2017-12-12 14:39:45.086000+00:00,2017-12-12 14:52:35.876000+00:00,2017-12-12 14:52:21.637000+00:00,78.9140000343,0.0,-187.0,36C,"36C,36R",TIME_BASED_METERING,1.0,2017-12-12 14:39:55.030000+00:00,2017-12-12 14:52:35.876000+00:00,2017-12-12 14:52:21.637000+00:00,78.9140000343,0.0,-37.0,36C,"36C,36R",TIME_BASED_METERING,,,,,,False,11.2939500014,11.2166666667,-0.0772833347321
